{"cameraMode":{"drawMode":0,"name":"Shaded","section":"Shading Mode"},"sceneLighting":true,"audioPlay":false,"sceneViewState":{"m_AlwaysRefresh":false,"showFog":true,"showSkybox":true,"showFlares":true,"showImageEffects":true,"showParticleSystems":true,"showVisualEffectGraphs":true,"m_FxEnabled":true},"in2DMode":false,"pivot":{"x":3.1991684436798097,"y":-7.382761478424072,"z":10.508867263793946},"rotation":{"x":-0.005094611085951328,"y":0.0024607188533991577,"z":-0.0019190155435353518,"w":-1.000426173210144},"size":17.33623695373535,"orthographic":false}